SourceRow,Amount,Tip,Gender,Smoker,Day,Time,Partysize,AnalysisReady,TipRatePct,CorePartySize,PerHead,DuplicateBlock,TipSuspect,TipEntryError,TipRateSensitivity
2,16.99,1.01,Female,No,Sun,Dinner,2.0,True,5.9446733372572105,True,8.495,False,False,False,True
3,10.34,1.66,Male,No,Sun,Dinner,3.0,True,16.054158607350097,True,3.4466666666666668,False,False,False,True
4,21.01,3.5,Male,No,Sun,Dinner,3.0,True,16.658733936220845,True,7.003333333333334,False,False,False,True
5,23.68,3.31,Male,No,Sun,Dinner,2.0,True,13.97804054054054,True,11.84,False,False,False,True
6,24.59,3.61,Female,No,Sun,Dinner,4.0,True,14.680764538430257,True,6.1475,False,False,False,True
7,25.29,4.71,Male,No,Sun,Dinner,4.0,True,18.62396204033215,True,6.3225,False,False,False,True
8,8.77,2.0,Male,No,Sun,Dinner,2.0,True,22.80501710376283,True,4.385,False,False,False,True
9,26.88,3.12,Male,No,Sun,Dinner,4.0,True,11.607142857142858,True,6.72,False,False,False,True
10,15.04,1.96,Male,,Sun,Dinner,2.0,True,13.031914893617023,True,7.52,False,False,False,True
11,14.78,3.23,Male,No,Sun,Dinner,2.0,True,21.85385656292287,True,7.39,False,False,False,True
12,10.27,1.71,Male,No,Sun,Dinner,2.0,True,16.650438169425513,True,5.135,False,False,False,True
13,35.26,5.0,Female,No,Sun,Dinner,4.0,True,14.180374361883155,True,8.815,False,False,False,True
14,15.42,1.57,Male,No,Sun,Dinner,,True,10.181582360570687,False,,False,False,False,True
15,18.43,3.0,Male,No,Sun,Dinner,4.0,True,16.277807921866522,True,4.6075,False,False,False,True
16,14.83,3.02,Female,No,Sun,Dinner,2.0,True,20.364126770060686,True,7.415,False,False,False,True
17,21.58,3.92,Male,No,Sun,Dinner,2.0,True,18.164967562557926,True,10.79,False,False,False,True
18,10.33,1.67,Female,No,Sun,Dinner,3.0,True,16.16650532429816,True,3.4433333333333334,False,False,False,True
19,16.29,3.71,Male,No,Sun,Dinner,3.0,True,22.77470841006753,True,5.43,False,False,False,True
20,16.97,3.5,Female,No,Sun,Dinner,3.0,True,20.624631703005306,True,5.656666666666666,False,False,False,True
21,20.65,3.35,Male,No,Sat,Dinner,3.0,True,16.222760290556902,True,6.883333333333333,False,False,False,True
22,17.92,4.08,Male,No,Sat,Dinner,2.0,True,22.767857142857142,True,8.96,False,False,False,True
23,20.29,2.75,Female,No,Sat,Dinner,2.0,True,13.553474618038443,True,10.145,False,False,False,True
24,15.77,2.23,Female,No,Sat,Dinner,2.0,True,14.140773620798985,True,7.885,False,False,False,True
25,39.42,7.58,Male,No,Sat,Dinner,4.0,True,19.228817858954844,True,9.855,False,False,False,True
26,19.82,3.18,Male,No,Sat,Dinner,2.0,True,16.044399596367306,True,9.91,False,False,False,True
27,17.81,2.34,Male,No,Sat,Dinner,4.0,True,13.138686131386862,True,4.4525,False,False,False,True
28,13.37,2.0,Male,No,Sat,Dinner,2.0,True,14.958863126402393,True,6.685,False,False,False,True
29,12.69,2.0,Male,,Sat,Dinner,2.0,True,15.760441292356187,True,6.345,False,False,False,True
30,21.7,4.3,Male,No,Sat,Dinner,2.0,True,19.81566820276498,True,10.85,False,False,False,True
31,19.65,3.0,Female,No,Sat,Dinner,2.0,True,15.267175572519085,True,9.825,False,False,False,True
32,9.55,1.45,Male,No,Sat,Dinner,2.0,True,15.183246073298427,True,4.775,False,False,False,True
33,18.35,2.5,Male,No,Sat,Dinner,4.0,True,13.623978201634877,True,4.5875,False,False,False,True
34,15.06,3.0,Female,No,Sat,Dinner,2.0,True,19.9203187250996,True,7.53,False,False,False,True
35,20.69,2.45,Female,No,Sat,Dinner,4.0,True,11.841469308844854,True,5.1725,False,False,False,True
36,17.78,3.27,Male,No,Sat,Dinner,2.0,True,18.391451068616423,True,8.89,False,False,False,True
37,24.06,3.6,Male,No,Sat,Dinner,3.0,True,14.962593516209477,True,8.02,False,False,False,True
38,16.31,2.0,Male,No,Sat,Dinner,3.0,True,12.262415695892091,True,5.4366666666666665,False,False,False,True
39,16.93,3.07,Female,No,Sat,Dinner,3.0,True,18.13349084465446,True,5.6433333333333335,False,False,False,True
40,18.69,2.31,Male,,Sat,Dinner,3.0,True,12.359550561797752,True,6.23,False,False,False,True
41,31.27,5.0,Male,No,Sat,Dinner,3.0,True,15.98976654940838,True,10.423333333333334,False,False,False,True
42,16.04,2.24,Male,No,Sat,Dinner,3.0,True,13.965087281795514,True,5.346666666666667,False,False,False,True
43,17.46,2.54,Male,No,Sun,Dinner,2.0,True,14.547537227949599,True,8.73,False,False,False,True
44,13.94,3.06,Male,No,Sun,Dinner,2.0,True,21.951219512195124,True,6.97,False,False,False,True
45,9.68,1.32,Male,,Sun,Dinner,2.0,True,13.636363636363637,True,4.84,False,False,False,True
46,30.4,5.6,Male,No,Sun,Dinner,4.0,True,18.42105263157895,True,7.6,False,False,False,True
47,18.29,3.0,Male,No,Sun,Dinner,2.0,True,16.402405686167306,True,9.145,False,False,False,True
48,22.23,5.0,Male,No,Sun,Dinner,,True,22.49212775528565,False,,False,False,False,True
49,32.4,6.0,Male,No,Sun,Dinner,4.0,True,18.51851851851852,True,8.1,False,False,False,True
50,28.55,2.05,Male,No,Sun,Dinner,3.0,True,7.180385288966724,True,9.516666666666667,False,False,False,True
51,18.04,3.0,Male,No,Sun,Dinner,200.0,True,16.62971175166297,False,,False,False,False,True
52,12.54,2.5,Male,No,Sun,Dinner,2.0,True,19.936204146730464,True,6.27,False,False,False,True
53,10.29,,Female,No,Sun,Dinner,2.0,False,,True,,False,False,False,False
54,34.81,5.2,Female,No,Sun,Dinner,4.0,True,14.938236139040505,True,8.7025,False,False,False,True
55,9.94,1.56,Male,No,Sun,Dinner,2.0,True,15.694164989939638,True,4.97,False,False,False,True
56,25.56,4.34,Male,No,Sun,Dinner,4.0,True,16.97965571205008,True,6.39,False,False,False,True
57,19.49,3.51,Male,No,Sun,Dinner,2.0,True,18.00923550538738,True,9.745,False,False,False,True
58,38.01,3.0,Male,Yes,Sat,Dinner,4.0,True,7.892659826361484,True,9.5025,False,False,False,True
59,26.41,1.5,Female,No,Sat,Dinner,2.0,True,5.679666792881484,True,13.205,False,False,False,True
60,11.24,1.76,Male,Yes,Sat,Dinner,2.0,True,15.658362989323843,True,5.62,False,False,False,True
61,48.27,6.73,Male,No,Sat,Dinner,4.0,True,13.942407292314066,True,12.0675,False,False,False,True
62,20.29,3.21,Male,Yes,Sat,Dinner,2.0,True,15.82060128141942,True,10.145,False,False,False,True
63,13.81,2.0,Male,Yes,Sat,Dinner,2.0,True,14.48225923244026,True,6.905,False,False,False,True
64,11.02,1.98,Male,Yes,Sat,Dinner,2.0,True,17.96733212341198,True,5.51,False,False,False,True
65,18.29,3.76,Male,Yes,Sat,Dinner,4.0,True,20.55768179332969,True,4.5725,False,False,False,True
66,17.59,2.64,Male,No,Sat,Dinner,3.0,True,15.008527572484367,True,5.863333333333333,False,False,False,True
67,20.08,3.15,Male,No,Sat,Dinner,3.0,True,15.687250996015937,True,6.6933333333333325,False,False,False,True
68,16.45,2.47,Female,No,Sat,Dinner,2.0,True,15.01519756838906,True,8.225,False,False,False,True
69,3.07,1.0,Female,Yes,Sat,Dinner,1.0,True,32.57328990228013,True,3.07,False,False,False,True
70,20.23,2.01,Male,No,Sat,Dinner,2.0,True,9.935739001482945,True,10.115,False,False,False,True
71,15.01,2.09,Male,Yes,Sat,Dinner,2.0,True,13.924050632911392,True,7.505,False,False,False,True
72,12.02,1.97,Male,No,Sat,Dinner,2.0,True,16.389351081530783,True,6.01,False,False,False,True
73,17.07,3.0,Female,No,Sat,Dinner,3.0,True,17.57469244288225,True,5.69,False,False,False,True
74,26.86,3.14,Female,Yes,Sat,Dinner,2.0,True,11.69024571854058,True,13.43,False,False,False,True
75,25.28,5.0,Female,Yes,Sat,Dinner,2.0,True,19.778481012658226,True,12.64,False,False,False,True
76,14.73,2.2,Female,No,Sat,Dinner,2.0,True,14.935505770536322,True,7.365,False,False,False,True
77,10.51,1.25,Male,No,Sat,Dinner,2.0,True,11.893434823977165,True,5.255,False,False,False,True
78,17.92,3.08,Male,Yes,Sat,Dinner,2.0,True,17.1875,True,8.96,False,False,False,True
79,27.2,4.0,Male,No,Thur,Lunch,4.0,True,14.705882352941178,True,6.8,False,False,False,True
80,22.76,3.0,Male,No,Thur,Lunch,2.0,True,13.181019332161686,True,11.38,False,False,False,True
81,17.29,2.71,Male,No,Thur,Lunch,2.0,True,15.6737998843262,True,8.645,False,False,False,True
82,19.44,3.0,Male,Yes,Thur,Lunch,2.0,True,15.432098765432098,True,9.72,False,False,False,True
83,16.66,3.4,Male,No,Thur,Lunch,2.0,True,20.408163265306122,True,8.33,False,False,False,True
84,10.07,1.83,Female,No,Thur,Lunch,1.0,True,18.17279046673287,True,10.07,False,False,False,True
85,32.68,5.0,Male,Yes,Thur,Lunch,2.0,True,15.299877600979192,True,16.34,False,False,False,True
86,15.98,2.03,Male,No,Thur,Lunch,2.0,True,12.703379224030035,True,7.99,False,False,False,True
87,34.83,5.17,Female,No,Thur,Lunch,4.0,True,14.843525696238876,True,8.7075,False,False,False,True
88,13.03,2.0,Male,No,Thur,Lunch,2.0,True,15.349194167306218,True,6.515,False,False,False,True
89,18.28,4.0,Male,No,Thur,Lunch,2.0,True,21.88183807439825,True,9.14,False,False,False,True
90,24.71,5.85,Male,No,Thur,Lunch,2.0,True,23.67462565762849,True,12.355,False,False,False,True
91,21.16,300.0,Male,No,Thur,Lunch,2.0,True,1417.7693761814744,True,10.58,False,False,True,False
92,28.97,3.0,Male,Yes,Fri,Dinner,2.0,True,10.355540214014498,True,14.485,False,False,False,True
93,22.49,3.5,Male,No,Fri,Dinner,2.0,True,15.562472209871055,True,11.245,False,False,False,True
94,5.75,1.0,Female,Yes,Fri,Dinner,2.0,True,17.391304347826086,True,2.875,False,False,False,True
95,16.32,4.3,Female,Yes,Fri,Dinner,2.0,True,26.348039215686274,True,8.16,False,False,False,True
96,22.75,3.25,Female,No,Fri,Dinner,2.0,True,14.285714285714286,True,11.375,False,False,False,True
97,40.17,4.73,Male,Yes,Fri,Dinner,4.0,True,11.77495643515061,True,10.0425,False,False,False,True
98,27.28,4.0,Male,Yes,Fri,Dinner,2.0,True,14.662756598240469,True,13.64,False,False,False,True
99,12.03,1.5,Male,Yes,Fri,,2.0,True,12.468827930174564,True,6.015,False,False,False,True
100,21.01,3.0,Male,Yes,Fri,Dinner,2.0,True,14.278914802475011,True,10.505,False,False,False,True
101,12.46,1.5,Male,No,Fri,Dinner,2.0,True,12.03852327447833,True,6.23,False,False,False,True
102,11.35,2.5,Female,Yes,Fri,Dinner,2.0,True,22.026431718061676,True,5.675,False,False,False,True
103,15.38,3.0,Female,Yes,Fri,Dinner,2.0,True,19.505851755526656,True,7.69,False,False,False,True
104,44.3,2.5,Female,Yes,Sat,Dinner,3.0,True,5.643340857787811,True,14.766666666666666,False,False,False,True
105,22.42,3487.0,Female,Yes,Sat,Dinner,2.0,True,15553.07760927743,True,11.21,False,False,True,False
106,20.92,4.08,Female,No,Sat,Dinner,2.0,True,19.50286806883365,True,10.46,False,False,False,True
107,15.36,1.64,Male,Yes,Sat,,2.0,True,10.677083333333334,True,7.68,False,False,False,True
108,20.49,4.06,Male,Yes,Sat,Dinner,2.0,True,19.814543679843826,True,10.245,False,False,False,True
109,25.21,4.29,Male,Yes,Sat,Dinner,2.0,True,17.017056723522412,True,12.605,False,False,False,True
110,18.24,3.76,Male,No,Sat,Dinner,2.0,True,20.6140350877193,True,9.12,False,False,False,True
111,14.31,4.0,Female,Yes,Sat,Dinner,2.0,True,27.95248078266946,True,7.155,False,False,False,True
112,14.0,3.0,Male,No,Sat,Dinner,2.0,True,21.428571428571427,True,7.0,False,False,False,True
113,7.25,1.0,Female,No,Sat,Dinner,1.0,True,13.793103448275861,True,7.25,False,False,False,True
114,38.07,4.0,Male,Yes,Sun,Dinner,3.0,True,10.506960861570791,True,12.69,False,False,False,True
115,23.95,2.55,Male,No,Sun,Dinner,2.0,True,10.647181628392483,True,11.975,False,False,False,True
116,25.71,4.0,Female,No,Sun,Dinner,3.0,True,15.558148580318942,True,8.57,False,False,False,True
117,17.31,3.5,Female,No,,Dinner,2.0,True,20.219526285384173,True,8.655,False,False,False,True
118,29.93,5.07,Male,No,Sun,Dinner,4.0,True,16.939525559639158,True,7.4825,False,False,False,True
119,10.65,1.5,Female,No,Thur,Lunch,2.0,True,14.08450704225352,True,5.325,False,False,False,True
120,12.43,1.8,Female,No,Thur,Lunch,2.0,True,14.481094127111827,True,6.215,False,False,False,True
121,24.08,2.92,Female,No,Thur,Lunch,0.0,True,12.126245847176081,False,,False,False,False,True
122,11.69,2.31,Male,No,Thur,Lunch,2.0,True,19.76047904191617,True,5.845,False,False,False,True
123,13.42,1.68,Female,No,Thur,Lunch,2.0,True,12.518628912071534,True,6.71,False,False,False,True
124,14.26,2.5,Male,No,Thur,Lunch,2.0,True,17.53155680224404,True,7.13,False,False,False,True
125,15.95,2.0,Male,No,Thur,Lunch,2.0,True,12.539184952978056,True,7.975,False,False,False,True
126,12.48,2.52,Female,No,Thur,Lunch,2.0,True,20.19230769230769,True,6.24,False,False,False,True
127,29.8,4.2,Female,No,Thur,Lunch,26.0,True,14.093959731543624,False,,False,False,False,True
128,8.52,1.48,Male,No,Thur,Lunch,2.0,True,17.370892018779344,True,4.26,False,False,False,True
129,14.52,2.0,Female,No,Thur,Lunch,2.0,True,13.774104683195592,True,7.26,False,False,False,True
130,11.38,2.0,Female,No,,Lunch,2.0,True,17.57469244288225,True,5.69,False,False,False,True
131,22.82,2.18,Male,No,Thur,Lunch,3.0,True,9.553023663453112,True,7.6066666666666665,False,False,False,True
132,19.08,1.5,Male,No,Thur,Lunch,2.0,True,7.861635220125787,True,9.54,False,False,False,True
133,20.27,2.83,Female,No,Thur,Lunch,2.0,True,13.961519486926493,True,10.135,False,False,False,True
134,11.17,1.5,Female,No,Thur,Lunch,2.0,True,13.42882721575649,True,5.585,False,False,False,True
135,12.26,2.0,Female,No,Thur,Lunch,2.0,True,16.31321370309951,True,6.13,False,False,False,True
136,18.26,3.25,Female,No,Thur,Lunch,2.0,True,17.798466593647316,True,9.13,False,False,False,True
137,8.51,1.25,Female,No,Thur,Lunch,2.0,True,14.688601645123384,True,4.255,False,False,False,True
138,10.33,2.0,Female,No,Thur,Lunch,2.0,True,19.36108422071636,True,5.165,False,False,False,True
139,14.15,2.0,Female,No,Thur,Lunch,2.0,True,14.134275618374557,True,7.075,False,False,False,True
140,16.0,2.0,Male,Yes,Thur,Lunch,2.0,True,12.5,True,8.0,False,False,False,True
141,13.16,2.75,Female,No,Thur,Lunch,2.0,True,20.896656534954406,True,6.58,False,False,False,True
142,17.47,3.5,Female,No,Thur,Lunch,2.0,True,20.034344590726963,True,8.735,False,False,False,True
143,34.3,6.7,Male,No,Thur,Lunch,6.0,True,19.533527696793005,True,5.716666666666666,False,False,False,True
144,41.19,5.0,Male,No,Thur,Lunch,5.0,True,12.138868657441128,True,8.238,False,False,False,True
145,27.05,5.0,Female,No,Thur,Lunch,6.0,True,18.484288354898336,True,4.508333333333334,False,False,False,True
146,16.43,2.3,Female,No,Thur,Lunch,2.0,True,13.998782714546559,True,8.215,False,False,False,True
147,8.35,1.5,Female,No,Thur,Lunch,2.0,True,17.964071856287426,True,4.175,False,False,False,True
148,18.64,1.36,Female,No,Thur,Lunch,3.0,True,7.296137339055794,True,6.213333333333334,False,False,False,True
149,11.87,1.63,Female,No,Thur,Lunch,22.0,True,13.732097725358047,False,,False,False,False,True
150,9.78,1.73,Male,No,Thur,Lunch,2.0,True,17.68916155419223,True,4.89,False,False,False,True
151,7.51,2.0,Male,No,Thur,Lunch,2.0,True,26.63115845539281,True,3.755,False,False,False,True
152,14.07,2.5,Male,No,Sun,Dinner,2.0,True,17.768301350390903,True,7.035,False,False,False,True
153,13.13,2.0,Male,No,Sun,Dinner,2.0,True,15.23229246001523,True,6.565,False,False,False,True
154,17.26,2.74,Male,No,Sun,Dinner,3.0,True,15.874855156431053,True,5.753333333333334,False,False,False,True
155,24.55,2.0,Male,No,Sun,Dinner,4.0,True,8.146639511201629,True,6.1375,False,False,False,True
156,19.77,2.0,Male,No,Sun,Dinner,4.0,True,10.116337885685383,True,4.9425,False,False,False,True
157,29.85,5.14,Female,No,Sun,Dinner,5.0,True,17.219430485762143,True,5.970000000000001,False,False,False,True
158,48.17,5.0,Male,No,Sun,Dinner,6.0,True,10.379904504878555,True,8.028333333333334,False,False,False,True
159,25.0,3.75,Female,No,Sun,Dinner,4.0,True,15.0,True,6.25,False,False,False,True
160,13.39,2.61,Female,No,Sun,Dinner,2.0,True,19.49215832710978,True,6.695,False,False,False,True
161,16.49,2.0,Male,No,Sun,Dinner,4.0,True,12.128562765312312,True,4.1225,False,False,False,True
162,21.5,3.5,Male,No,Sun,Dinner,4.0,True,16.27906976744186,True,5.375,False,False,False,True
163,12.66,2.5,Male,No,Sun,Dinner,2.0,True,19.747235387045812,True,6.33,False,False,False,True
164,16.21,2.0,Female,No,Sun,Dinner,3.0,True,12.338062924120912,True,5.403333333333333,False,False,False,True
165,13.81,2.0,Male,No,Sun,Dinner,2.0,True,14.48225923244026,True,6.905,False,False,False,True
166,17.51,3.0,Female,Yes,Sun,Dinner,2.0,True,17.133066818960593,True,8.755,False,False,False,True
167,24.52,3.48,Male,No,Sun,Dinner,3.0,True,14.192495921696574,True,8.173333333333334,False,False,False,True
168,20.76,2.24,Male,No,Sun,Dinner,2.0,True,10.789980732177264,True,10.38,False,False,False,True
169,31.71,4.5,Male,No,Sun,Dinner,4.0,True,14.191106906338694,True,7.9275,False,False,False,True
170,10.59,1.61,Female,Yes,Sat,Dinner,2.0,True,15.203021718602455,True,5.295,False,False,False,True
171,10.63,2.0,Female,Yes,Sat,Dinner,2.0,True,18.81467544684854,True,5.315,False,False,False,True
172,50.81,10.0,Male,Yes,Sat,Dinner,3.0,True,19.681165124975397,True,16.936666666666667,False,False,False,True
173,117.81,3.16,Male,Yes,Sat,Dinner,2.0,True,2.6822850352262115,True,58.905,False,False,False,True
174,7.25,,Male,Yes,Sun,Dinner,2.0,False,,True,,False,False,False,False
175,31.85,3.18,Male,Yes,,Dinner,2.0,True,9.98430141287284,True,15.925,False,False,False,True
176,16.82,4.0,Male,Yes,Sun,Dinner,2.0,True,23.781212841854934,True,8.41,False,False,False,True
177,32.9,3.11,Male,Yes,Sun,Dinner,2.0,True,9.452887537993922,True,16.45,False,False,False,True
178,17.89,2.0,Male,Yes,Sun,Dinner,0.2,True,11.179429849077696,False,,False,False,False,True
179,14.48,2.0,Male,Yes,Sun,Dinner,2.0,True,13.812154696132596,True,7.24,False,False,False,True
180,96.6,4.0,Female,Yes,Sun,Dinner,2.0,True,4.140786749482402,True,48.3,False,False,False,True
181,34.63,3.55,Male,Yes,Sun,Dinner,2.0,True,10.251227259601501,True,17.315,False,False,False,True
182,34.65,3.68,Male,Yes,Sun,Dinner,4.0,True,10.62049062049062,True,8.6625,False,False,False,True
183,23.33,5.65,Male,Yes,Sun,Dinner,2.0,True,24.217745392198886,True,11.665,False,False,False,True
184,45.35,3.5,Male,Yes,Sun,Dinner,3.0,True,7.717750826901874,True,15.116666666666667,False,False,False,True
185,23.17,6.5,Male,Yes,Sun,Dinner,4.0,True,28.05351747949935,True,5.7925,False,False,False,True
186,40.55,3.0,Male,Yes,Sun,Dinner,2.0,True,7.398273736128237,True,20.275,False,False,False,True
187,20.69,5.0,Male,No,Sun,Dinner,5.0,True,24.166263895601737,True,4.138,False,False,False,True
188,20.9,3.5,Female,,Sun,Dinner,3.0,True,16.74641148325359,True,6.966666666666666,False,False,False,True
189,30.46,2.0,Male,Yes,Sun,Dinner,5.0,True,6.5659881812212735,True,6.0920000000000005,False,False,False,True
190,18.15,3.5,Female,Yes,Sun,Dinner,3.0,True,19.28374655647383,True,6.05,False,False,False,True
191,23.1,4.0,Male,Yes,Sun,Dinner,3.0,True,17.316017316017316,True,7.7,False,False,False,True
192,15.69,1.5,Male,Yes,Sun,Dinner,2.0,True,9.560229445506693,True,7.845,False,False,False,True
193,19.81,4.19,Female,Yes,Thur,Lunch,2.0,True,21.150933871781934,True,9.905,False,False,False,True
194,28.44,2.56,Male,Yes,Thur,Lunch,2.0,True,9.0014064697609,True,14.22,False,False,False,True
195,15.48,2.02,Male,Yes,Thur,Lunch,12.0,True,13.049095607235142,False,,False,False,False,True
196,16.58,4.0,Male,Yes,Thur,Lunch,2.0,True,24.12545235223161,True,8.29,False,False,False,True
197,7.56,1.44,Male,No,Thur,Lunch,2.0,True,19.047619047619047,True,3.78,False,False,False,True
198,10.34,2.0,Male,Yes,Thur,Lunch,2.0,True,19.342359767891683,True,5.17,False,False,False,True
199,10.34,2.0,Male,Yes,Thur,Lunch,2.0,True,19.342359767891683,True,5.17,False,False,False,True
200,43.11,5.0,Female,Yes,Thur,Lunch,4.0,True,11.59823706796567,True,10.7775,False,False,False,True
201,13.0,2.0,Female,Yes,Thur,Lunch,-2.0,True,15.384615384615385,False,,False,False,False,True
202,13.51,2.0,Male,Yes,Thur,Lunch,2.0,True,14.803849000740193,True,6.755,False,False,False,True
203,18.71,4.0,Male,Yes,Thur,Lunch,3.0,True,21.378941742383752,True,6.236666666666667,False,False,False,True
204,12.74,2.01,Female,Yes,Thur,Lunch,2.0,True,15.777080062794345,True,6.37,False,False,False,True
205,13.0,2.0,Female,Yes,Thur,Lunch,2.0,True,15.384615384615385,True,6.5,False,False,False,True
206,16.4,2.5,Female,Yes,Thur,Lunch,2.0,True,15.243902439024392,True,8.2,False,False,False,True
207,20.53,4.0,Male,Yes,Thur,Lunch,4.0,True,19.48368241597662,True,5.1325,False,False,False,True
208,16.47,3.23,Female,Yes,Thur,Lunch,3.0,True,19.611414693381906,True,5.489999999999999,False,False,False,True
209,26.59,3.41,Male,Yes,Sat,Dinner,3.0,True,12.82437006393381,True,8.863333333333333,False,False,False,True
210,38.73,3.0,Male,Yes,Sat,Dinner,4.0,True,7.74593338497289,True,9.6825,False,False,False,True
211,24.27,2.03,Male,Yes,Sat,Dinner,2.0,True,8.364235681911824,True,12.135,False,False,False,True
212,12.76,2.23,Female,Yes,Sat,Dinner,2.0,True,17.476489028213166,True,6.38,False,False,False,True
213,30.06,2.0,Male,Yes,Sat,Dinner,3.0,True,6.65335994677312,True,10.02,False,False,False,True
214,25.89,5.16,Male,Yes,Sat,Dinner,4.0,True,19.930475086906142,True,6.4725,False,False,False,True
215,48.33,9.0,Male,No,Sat,Dinner,4.0,True,18.6219739292365,True,12.0825,False,False,False,True
216,13.27,2.5,Female,Yes,Sat,Dinner,2.0,True,18.839487565938207,True,6.635,False,False,False,True
217,28.17,6.5,Female,Yes,Sat,Dinner,3.0,True,23.074192403265883,True,9.39,False,False,False,True
218,12.9,1.1,Female,Yes,Sat,Dinner,2.0,True,8.527131782945737,True,6.45,False,False,False,True
219,28.15,3.0,Male,Yes,Sat,Dinner,5.0,True,10.657193605683837,True,5.63,False,False,False,True
220,11.59,1.5,Male,Yes,Sat,Dinner,2.0,True,12.942191544434857,True,5.795,False,False,False,True
221,7.74,1.44,Male,Yes,Sat,Dinner,2.0,True,18.6046511627907,True,3.87,False,False,False,True
222,30.14,3.09,Female,Yes,Sat,Dinner,0.0,True,10.252156602521566,False,,False,False,False,True
223,12.16,2.2,Male,Yes,Fri,Lunch,2.0,True,18.092105263157897,True,6.08,False,False,False,True
224,13.42,3.48,Female,Yes,Fri,Lunch,2.0,True,25.93144560357675,True,6.71,False,False,False,True
225,8.58,1.92,Male,Yes,Fri,Lunch,1.0,True,22.377622377622377,True,8.58,False,False,False,True
226,15.98,3.0,Female,No,Fri,Lunch,3.0,True,18.773466833541928,True,5.326666666666667,False,False,False,True
227,13.42,1.58,Male,Yes,Fri,Lunch,2.0,True,11.773472429210134,True,6.71,False,False,False,True
228,16.27,2.5,Female,Yes,Fri,Lunch,2.0,True,15.365703749231715,True,8.135,False,False,False,True
229,10.09,2.0,Female,Yes,Fri,Lunch,2.0,True,19.821605550049554,True,5.045,False,False,False,True
230,20.45,3.0,Male,No,Sat,Dinner,4.0,True,14.66992665036675,True,5.1125,False,False,False,True
231,13.28,2.72,Male,No,Sat,Dinner,2.0,True,20.481927710843376,True,6.64,False,False,False,True
232,22.12,288.0,Female,,Sun,Dinner,2.0,True,1301.989150090416,True,11.06,False,False,True,False
233,24.01,2.0,Male,Yes,Sat,Dinner,4.0,True,8.329862557267804,True,6.0025,False,False,False,True
234,15.69,3.0,Male,Yes,Sat,Dinner,3.0,True,19.120458891013385,True,5.2299999999999995,False,False,False,True
235,11.61,3.39,Male,No,Sat,Dinner,2.0,True,29.198966408268735,True,5.805,False,False,False,True
236,10.77,1.47,Male,No,Sat,Dinner,2.0,True,13.649025069637883,True,5.385,False,False,False,True
237,15.53,3.0,Male,Yes,Sun,Dinner,2.0,True,19.31745009658725,True,7.765,False,False,False,True
238,10.07,1.25,Male,No,Sat,Dinner,2.0,True,12.413108242303872,True,5.035,False,False,False,True
239,12.6,1.0,Male,Yes,Sat,Dinner,2.0,True,7.936507936507937,True,6.3,False,False,False,True
240,32.83,1.17,Male,Yes,Sat,Dinner,2.0,True,3.563813585135547,True,16.415,False,False,False,True
241,35.83,4.67,Female,No,Sat,Dinner,3.0,True,13.033770583310076,True,11.943333333333333,False,False,False,True
242,29.03,5.92,Male,No,Sat,Dinner,38.0,True,20.392697209782984,False,,False,False,False,True
243,27.18,2.0,Female,Yes,,Dinner,2.0,True,7.358351729212656,True,13.59,False,False,False,True
244,22.67,2.0,Male,Yes,Sat,Dinner,2.0,True,8.822232024702249,True,11.335,False,False,False,True
245,17.82,1.75,Male,No,Sat,Dinner,2.0,True,9.820426487093153,True,8.91,False,False,False,True
246,18.78,3.0,Female,No,Thur,,2.0,True,15.974440894568689,True,9.39,False,False,False,True
247,19.29,3.23,Male,Yes,Thur,Dinner,3.0,True,16.744427164333853,True,6.43,False,False,False,True
248,26.34,4.12,Female,No,,Lunch,4.0,True,15.641609719058467,True,6.585,False,False,False,True
249,24.21,3.19,Female,No,Sun,Dinner,2.0,True,13.176373399421726,True,12.105,False,False,False,True
250,18.23,2.18,Female,Yes,Sat,Lunch,3.0,True,11.958310477235328,True,6.076666666666667,False,False,False,True
251,20.5,2.1,Male,Yes,Sat,Dinner,2.0,True,10.24390243902439,True,10.25,False,False,False,True
252,30.87,3.69,Male,Yes,Sun,Lunch,29.0,True,11.9533527696793,False,,False,False,False,True
253,24.56,2.88,Female,No,Sun,Lunch,2.0,True,11.726384364820847,True,12.28,False,False,False,True
254,13.69,2.0,Female,Yes,Thur,Lunch,2.0,True,14.609203798392988,True,6.845,False,False,False,True
255,17.89,2.98,Male,Yes,Thur,Dinner,3.0,True,16.657350475125767,True,5.963333333333334,False,False,False,True
256,22.89,3.0,Female,No,Thur,Dinner,2.0,True,13.10615989515072,True,11.445,False,False,False,True
257,19.1,3.1,Male,No,Sat,Lunch,2.0,True,16.230366492146597,True,9.55,False,False,False,True
258,9.87,1.68,Female,No,Sat,Lunch,1.0,True,17.02127659574468,True,9.87,False,False,False,True
259,19.65,2.89,Male,Yes,Sun,Dinner,2.0,True,14.707379134860052,True,9.825,False,False,False,True
260,25.68,3.87,Female,Yes,Sat,Lunch,3.0,True,15.070093457943925,True,8.56,False,False,False,True
261,33.87,4.0,Female,No,Sun,Lunch,4.0,True,11.8098612341305,True,8.4675,False,False,False,True
262,40.45,4.85,Male,Yes,Thur,Dinner,4.0,True,11.99011124845488,True,10.1125,False,False,False,True
263,33.76,3.29,Female,No,Sat,Dinner,3.0,True,9.745260663507109,True,11.253333333333332,False,False,False,True
264,29.87,3.7,Female,,Sun,Dinner,45.0,True,12.387010378305993,False,,False,False,False,True
265,18.98,1.8,Female,Yes,,Lunch,2.0,True,9.483667017913593,True,9.49,False,False,False,True
266,8.88,1.5,Male,Yes,Sun,Dinner,1.0,True,16.89189189189189,True,8.88,False,False,False,True
267,13.89,2.38,Female,No,Fri,Lunch,2.0,True,17.134629229661627,True,6.945,False,False,False,True
268,29.99,3.39,Female,No,Fri,Dinner,3.0,True,11.303767922640882,True,9.996666666666666,False,False,False,True
269,43.8,4.39,Male,Yes,Sat,Lunch,3.0,True,10.02283105022831,True,14.6,False,False,False,True
270,8.9,1.5,Male,No,Fri,Lunch,1.0,True,16.85393258426966,True,8.9,False,False,False,True
271,23.91,2.65,Male,Yes,Fri,Dinner,2.0,True,11.083228774571309,True,11.955,False,False,False,True
272,33.8,3.0,Female,No,Fri,Dinner,3.0,True,8.875739644970414,True,11.266666666666666,False,False,False,True
273,40.9,4.67,Female,Yes,Sat,Lunch,3.0,True,11.418092909535453,True,13.633333333333333,False,False,False,True
274,22.66,2.5,Male,No,Sun,Lunch,3.0,True,11.032656663724625,True,7.553333333333334,False,False,False,True
275,29.76,3.0,Female,No,Sun,Lunch,3.0,True,10.080645161290322,True,9.92,False,False,False,True
276,15.0,2.5,Female,Yes,Sat,Dinner,2.0,True,16.666666666666668,True,7.5,False,False,False,True
277,22.5,2.6,Male,No,Thur,Lunch,3.0,True,11.555555555555555,True,7.5,False,False,False,True
278,33.6,3.0,Male,No,Fri,Dinner,2.0,True,8.928571428571429,True,16.8,False,False,False,True
279,25.65,2.56,Female,Yes,Sat,Lunch,2.0,True,9.980506822612087,True,12.825,False,False,False,True
280,30.0,3.0,Female,No,Sun,Lunch,3.0,True,10.0,True,10.0,False,False,False,True
281,16.7,1.5,Male,Yes,Thur,Dinner,2.0,True,8.982035928143713,True,8.35,False,False,False,True
282,25.55,2.3,Female,No,Fri,Lunch,3.0,True,9.001956947162425,True,8.516666666666667,False,False,False,True
283,27.79,2.59,Female,No,Sat,Dinner,2.0,True,9.319899244332493,True,13.895,False,False,False,True
284,30.3,2.15,Male,Yes,Thur,Dinner,3.0,True,7.095709570957095,True,10.1,False,False,False,True
285,10.1,1.8,Female,No,Thur,Lunch,2.0,True,17.821782178217823,True,5.05,False,False,False,True
286,16.68,1.9,Female,Yes,Sun,Dinner,2.0,True,11.390887290167866,True,8.34,False,False,False,True
287,16.68,1.9,Female,Yes,Sun,Dinner,2.0,True,11.390887290167866,True,8.34,False,False,False,True
288,19.9,2.0,Male,Yes,Sun,Lunch,2.0,True,10.050251256281408,True,9.95,False,False,False,True
289,30.35,3.3,Female,No,Sat,Lunch,3.0,True,10.87314662273476,True,10.116666666666667,False,False,False,True
290,44.34,4.1,Male,Yes,Sun,Dinner,4.0,True,9.246729815065402,True,11.085,False,False,False,True
291,23.45,2.4,Male,No,Sat,Lunch,2.0,True,10.23454157782516,True,11.725,False,False,False,True
292,17.7,2.35,Female,No,Thur,Lunch,2.0,True,13.276836158192092,True,8.85,False,False,False,True
293,24.5,2.69,Male,No,Fri,Lunch,3.0,True,10.979591836734693,True,8.166666666666666,False,False,False,True
294,18.0,1.9,Female,Yes,Thur,Dinner,2.0,True,10.555555555555555,True,9.0,False,False,False,True
295,27.8,2.59,Male,Yes,Fri,Lunch,3.0,True,9.316546762589928,True,9.266666666666667,False,False,False,True
296,35.6,13.55,Male,No,Fri,Dinner,3.0,True,38.061797752808985,True,11.866666666666667,False,True,False,True
297,29.9,2.1,Female,No,Fri,Lunch,3.0,True,7.023411371237459,True,9.966666666666667,False,False,False,True
298,16.57,1.79,Female,Yes,Sun,Dinner,2.0,True,10.8026554013277,True,8.285,False,False,False,True
299,8.88,1.0,Male,Yes,Fri,Lunch,1.0,True,11.26126126126126,True,8.88,False,False,False,True
300,20.66,1.9,Male,No,Thur,Dinner,2.0,True,9.19651500484027,True,10.33,False,False,False,True
301,44.4,3.89,Female,No,Sun,Lunch,3.0,True,8.76126126126126,True,14.799999999999999,False,False,False,True
302,32.56,2.96,Female,Yes,Sat,Lunch,3.0,True,9.09090909090909,True,10.853333333333333,False,False,False,True
303,27.8,2.59,Male,Yes,Fri,Lunch,3.0,True,9.316546762589928,True,9.266666666666667,True,False,False,True
304,35.6,3.55,Male,No,Fri,Dinner,3.0,True,9.97191011235955,True,11.866666666666667,True,False,False,True
305,29.9,2.1,Female,No,Fri,Lunch,3.0,True,7.023411371237459,True,9.966666666666667,True,False,False,True
306,16.57,1.79,Female,Yes,Sun,Dinner,2.0,True,10.8026554013277,True,8.285,True,False,False,True
307,8.88,1.0,Male,Yes,Fri,Lunch,1.0,True,11.26126126126126,True,8.88,True,False,False,True
308,20.66,1.9,Male,No,Thur,Dinner,2.0,True,9.19651500484027,True,10.33,True,False,False,True
309,44.4,3.89,Female,No,Sun,Lunch,3.0,True,8.76126126126126,True,14.799999999999999,True,False,False,True
310,32.56,2.96,Female,Yes,Sat,Lunch,3.0,True,9.09090909090909,True,10.853333333333333,True,False,False,True
311,13.55,2.89,Male,No,,Dinner,3.0,True,21.32841328413284,True,4.516666666666667,False,False,False,True
312,11.43,1.47,Male,No,,Lunch,2.0,True,12.860892388451443,True,5.715,False,False,False,True
313,14.56,3.45,Male,Yes,Sun,Dinner,3.0,True,23.695054945054945,True,4.8533333333333335,False,False,False,True
314,10.07,11.25,Male,No,Sat,Dinner,2.0,True,111.71797418073486,True,5.035,False,False,False,False
315,22.01,3.23,Female,,Fri,Lunch,2.0,True,14.675147660154474,True,11.005,False,False,False,True
316,13.69,2.0,Female,Yes,Thur,Lunch,2.0,True,14.609203798392988,True,6.845,False,False,False,True
317,21.34,2.98,Male,Yes,Thur,Dinner,3.0,True,13.964386129334583,True,7.113333333333333,False,False,False,True
318,12.89,3.0,Female,No,Thur,Dinner,2.0,True,23.273855702094647,True,6.445,False,False,False,True
319,19.65,3.1,Male,No,Sat,Lunch,2.0,True,15.776081424936388,True,9.825,False,False,False,True
320,1.01,1.68,Female,No,Sat,Lunch,1.0,True,166.33663366336634,True,1.01,False,False,False,False
321,19.65,2.09,Male,Yes,Sun,Dinner,2.0,True,10.63613231552163,True,9.825,False,False,False,True
322,21.56,3.66,Female,Yes,Sat,Lunch,3.0,True,16.97588126159555,True,7.1866666666666665,False,False,False,True
323,28.87,3.67,Female,No,Sun,Lunch,3.0,True,12.712157949428471,True,9.623333333333333,False,False,False,True
324,22.01,4.0,Male,Yes,Thur,Dinner,4.0,True,18.17355747387551,True,5.5025,False,False,False,True
325,19.76,2.21,Male,No,Sat,Dinner,3.0,True,11.18421052631579,True,6.586666666666667,False,False,False,True
326,19.09,3.0,Female,No,Thur,Dinner,3.0,True,15.71503404924044,True,6.363333333333333,False,False,False,True
327,23.9,3.98,Male,Yes,Thur,Dinner,3.0,True,16.652719665271967,True,7.966666666666666,False,False,False,True
328,25.89,3.89,Female,No,,Lunch,3.0,True,15.025106218617227,True,8.63,False,False,False,True
329,20.09,20.96,Female,No,Sun,Dinner,4.0,True,104.33051269288204,True,5.0225,False,False,False,False
330,14.56,2.78,Female,Yes,Sat,Lunch,2.0,True,19.09340659340659,True,7.28,False,False,False,True
331,19.23,2.01,Female,No,Sat,Lunch,3.0,True,10.452418096723868,True,6.41,False,False,False,True
332,28.45,2.45,Female,No,Thur,Dinner,2.0,True,8.611599297012303,True,14.225,False,False,False,True
333,33.45,4.67,Female,Yes,Sat,Lunch,3.0,True,13.961136023916291,True,11.15,False,False,False,True
334,24.67,2.5,Male,No,Sun,Lunch,3.0,True,10.133765707336845,True,8.223333333333334,False,False,False,True
335,26.9,3.0,Female,No,Sun,Lunch,3.0,True,11.152416356877325,True,8.966666666666667,False,False,False,True
336,17.6,2.5,Female,Yes,Sat,Dinner,2.0,True,14.204545454545453,True,8.8,False,False,False,True
337,21.0,2.6,Male,No,Thur,Lunch,3.0,True,12.380952380952381,True,7.0,False,False,False,True
338,30.15,3.0,Male,No,Fri,Dinner,2.0,True,9.950248756218906,True,15.075,False,False,False,True
339,29.35,2.56,Female,Yes,Sat,Lunch,2.0,True,8.722316865417376,True,14.675,False,False,False,True
340,31.5,3.0,Female,No,Sun,Lunch,3.0,True,9.523809523809524,True,10.5,False,False,False,True
341,14.69,1.5,Male,Yes,Thur,Dinner,2.0,True,10.211027910142954,True,7.345,False,False,False,True
342,24.0,2.3,Female,No,Fri,Lunch,3.0,True,9.583333333333332,True,8.0,False,False,False,True
343,26.35,2.59,Female,No,,Dinner,2.0,True,9.829222011385198,True,13.175,False,False,False,True
344,16.65,2.94,Female,No,Sun,Dinner,3.0,True,17.65765765765766,True,5.55,False,False,False,True
345,21.56,3.34,Male,Yes,Sat,Lunch,3.0,True,15.491651205936922,True,7.1866666666666665,False,False,False,True
346,25.68,2.78,Female,No,Sun,Lunch,3.0,True,10.825545171339565,True,8.56,False,False,False,True
347,22.33,3.9,Male,Yes,Thur,Dinner,4.0,True,17.465293327362293,True,5.5825,False,False,False,True
348,18.67,2.09,Female,No,Sat,Dinner,3.0,True,11.194429566148902,True,6.223333333333334,False,False,False,True
349,18.09,3.45,Female,No,Thur,Lunch,3.0,True,19.071310116086234,True,6.03,False,False,False,True
350,21.67,3.0,Male,Yes,Thur,Dinner,4.0,True,13.844023996308259,True,5.4175,False,False,False,True
351,27.23,2.9,Male,No,Fri,Lunch,3.0,True,10.650018362100624,True,9.076666666666666,False,False,False,True
352,18.89,22.23,Male,No,Sun,Lunch,5.0,True,117.68131286394917,True,3.778,False,False,False,False
353,16.37,3.21,Female,Yes,Sat,Lunch,2.0,True,19.609040928527794,True,8.185,False,False,False,True
354,19.12,2.22,Female,No,,Lunch,4.0,True,11.610878661087867,True,4.78,False,False,False,True
355,18.99,3.3,Female,,Thur,Lunch,-2.0,True,17.377567140600316,False,,False,False,False,True
356,6.69,0.01,Male,No,Thur,Dinner,22.0,True,0.14947683109118085,False,,False,False,False,True
357,21.37,1.0,Female,No,Sun,Lunch,,True,4.679457182966775,False,,False,False,False,True
358,13.28,2.22,Female,Yes,Sat,Lunch,10.0,True,16.71686746987952,False,,False,False,False,True
359,-7.78,1.99,Female,No,Thur,Lunch,1.0,False,,True,,False,False,False,False
360,9.96,2.87,Female,Yes,Fri,Dinner,4.0,True,28.815261044176705,True,2.49,False,False,False,True
361,18.38,3.01,Female,No,Sat,Dinner,3.0,True,16.376496191512516,True,6.126666666666666,False,False,False,True
362,16.69,2.68,Male,No,Sun,Lunch,3.0,True,16.057519472738164,True,5.5633333333333335,False,False,False,True
363,22.38,3.01,Male,No,Sun,,2.0,True,13.449508489722968,True,11.19,False,False,False,True
364,24.55,2.0,Male,No,Sat,Lunch,2.0,True,8.146639511201629,True,12.275,False,False,False,True
365,20.0,12.9,Female,Yes,Sun,Dinner,5.0,True,64.5,True,4.0,False,False,False,True
366,27.56,3.59,Female,Yes,Sun,Dinner,4.0,True,13.02612481857765,True,6.89,False,False,False,True
